<?xml version="1.0" encoding="UTF-8"?>

<beans:beans xmlns="http://www.springframework.org/schema/security"
	xmlns:mvc="http://www.springframework.org/schema/mvc"
	xmlns:beans="http://www.springframework.org/schema/beans" 
	xmlns:context="http://www.springframework.org/schema/context"
	xmlns:xsi="http://www.w3.org/2001/XMLSchema-instance" 
	xmlns:tx="http://www.springframework.org/schema/tx"
	xmlns:security="http://www.springframework.org/schema/security"
	xsi:schemaLocation="http://www.springframework.org/schema/beans
    http://www.springframework.org/schema/beans/spring-beans.xsd
    http://www.springframework.org/schema/mvc
	http://www.springframework.org/schema/mvc/spring-mvc.xsd
	http://www.springframework.org/schema/context
	http://www.springframework.org/schema/context/spring-context.xsd
	http://www.springframework.org/schema/tx
	http://www.springframework.org/schema/tx/spring-tx.xsd
	http://www.springframework.org/schema/security
	http://www.springframework.org/schema/security/spring-security.xsd">

<security:http auto-config="true" use-expressions="true">
<security:form-login login-page="/login" 
	default-target-url="/" 
	login-processing-url="/perform_login" 
	authentication-failure-url="/login"
	authentication-success-forward-url="/login_success" ></security:form-login>
<security:logout logout-success-url="/login" logout-url="/perform_logout"/>
<security:csrf disabled="true" />

</security:http>

<beans:bean id="encoder" class="org.springframework.security.crypto.bcrypt.BCryptPasswordEncoder"></beans:bean>

<security:authentication-manager>
	<security:authentication-provider>
	<password-encoder ref="encoder" ></password-encoder>
	<security:jdbc-user-service
				data-source-ref="datasource"
				users-by-username-query="select username,password,enabled from userdetail where username=?"
				authorities-by-username-query="select username,role from userdetail where username =?" />
	</security:authentication-provider>
</security:authentication-manager>


</beans:beans>